41.877406123,-87.621971652,41.898331794,-87.620762865,806,8.75,12,19,45,0
41.785998518,-87.750934289,41.906025969,-87.675311622,2340,34.25,12,14,0,0
41.879255084,-87.642648998,41.880994471,-87.632746489,360,5.75,12,10,0,0
41.884987192,-87.620992913,41.88528132,-87.6572332,540,7.5,12,17,15,0
41.892507781,-87.626214906,41.880994471,-87.632746489,442,7.25,12,7,30,0
41.891971508,-87.612945414,41.89321636,-87.63784421,840,8.25,12,16,30,0
41.890922026,-87.618868355,41.892042136,-87.63186395,300,5.75,12,16,0,0
41.879255084,-87.642648998,41.880994471,-87.632746489,809,8.25,12,12,0,0
41.89503345,-87.619710672,41.97907082,-87.903039661,2220,45.25,12,6,45,0
41.89503345,-87.619710672,41.905857769,-87.630865027,410,6.5,12,12,45,0
41.884987192,-87.620992913,41.892507781,-87.626214906,240,5,12,12,30,0
41.880994471,-87.632746489,41.880994471,-87.632746489,300,5.75,12,19,0,0
41.892507781,-87.626214906,41.97907082,-87.903039661,2160,45,12,12,15,0
41.884987192,-87.620992913,41.892042136,-87.63186395,300,5.5,12,23,30,0
41.880994471,-87.632746489,41.849246754,-87.624135298,660,9.75,12,9,15,0
41.890922026,-87.618868355,41.892042136,-87.63186395,360,6,12,21,45,0
41.884987192,-87.620992913,41.880994471,-87.632746489,360,6,12,12,0,0
41.880994471,-87.632746489,41.892507781,-87.626214906,660,8.75,12,20,0,0
41.904935302,-87.649907226,41.885300022,-87.642808466,540,7,12,16,30,0
41.89321636,-87.63784421,41.877406123,-87.621971652,540,6.75,12,12,15,0
41.879255084,-87.642648998,41.892042136,-87.63186395,780,9,12,10,0,0
41.892042136,-87.63186395,41.880994471,-87.632746489,300,5.5,12,21,15,0
41.880994471,-87.632746489,41.898331794,-87.620762865,420,6.75,12,10,45,0
41.892507781,-87.626214906,41.880994471,-87.632746489,540,6.75,12,16,30,0
41.944226601,-87.655998182,41.96581197,-87.655878786,285,5.75,12,22,15,0
41.899602111,-87.633308037,41.878865584,-87.625192142,720,9.25,12,11,30,0
41.899602111,-87.633308037,41.901206994,-87.676355989,953,11,12,14,15,0
41.96581197,-87.655878786,41.944226601,-87.655998182,660,9.5,12,23,15,0
41.877406123,-87.621971652,41.892042136,-87.63186395,540,7.25,12,15,0,0
41.97907082,-87.903039661,41.97907082,-87.903039661,300,4,12,18,30,0
41.891971508,-87.612945414,41.884987192,-87.620992913,420,6.5,12,15,15,0
41.884987192,-87.620992913,41.921854911,-87.646210977,960,14,12,19,15,0
41.892042136,-87.63186395,41.892507781,-87.626214906,540,6.5,12,15,45,0
41.859349715,-87.617358006,41.880994471,-87.632746489,660,9,12,15,45,0
41.890922026,-87.618868355,41.892507781,-87.626214906,240,4.75,12,9,15,0
41.89503345,-87.619710672,41.892507781,-87.626214906,180,4.25,12,7,30,0
41.892507781,-87.626214906,41.884987192,-87.620992913,420,6.5,12,21,15,0
41.859349715,-87.617358006,41.890922026,-87.618868355,1320,13.5,12,12,45,0
41.89321636,-87.63784421,41.880994471,-87.632746489,412,6.25,12,10,30,0
41.901206994,-87.676355989,41.899602111,-87.633308037,360,6.75,12,20,30,0
41.899155613,-87.626210532,41.884987192,-87.620992913,660,8.5,12,23,15,0
41.885300022,-87.642808466,41.892042136,-87.63186395,538,7.25,12,19,15,0
41.9867118,-87.663416405,41.878865584,-87.625192142,1320,24.25,12,9,45,0
41.880994471,-87.632746489,41.890922026,-87.618868355,600,7.75,12,10,15,0
41.88528132,-87.6572332,41.904935302,-87.649907226,480,8,12,20,45,0
41.892507781,-87.626214906,41.89321636,-87.63784421,360,6,12,13,30,0
41.849246754,-87.624135298,41.884987192,-87.620992913,1320,13.25,12,12,45,0
41.899155613,-87.626210532,41.891971508,-87.612945414,480,6.75,12,15,15,0
41.901206994,-87.676355989,41.922686284,-87.649488729,720,11.25,12,20,30,0
41.89321636,-87.63784421,41.93057857,-87.642206313,780,11,12,13,45,0
41.891971508,-87.612945414,41.884987192,-87.620992913,120,5,12,15,15,0
41.870415,-87.675085621,41.902788048,-87.62614559,1260,15.25,12,13,0,0
41.892042136,-87.63186395,41.859349715,-87.617358006,900,11,12,9,15,0
41.892042136,-87.63186395,41.879255084,-87.642648998,480,7.25,12,11,45,0
41.879255084,-87.642648998,41.907520075,-87.6266589,1380,12.75,12,18,15,0
41.892507781,-87.626214906,41.870607372,-87.622172937,568,7.75,12,22,15,0
41.89503345,-87.619710672,41.89321636,-87.63784421,420,6.75,12,23,0,0
41.870607372,-87.622172937,41.879066994,-87.657005027,1080,10.75,12,18,15,0
41.899602111,-87.633308037,41.899602111,-87.633308037,180,5,12,4,45,0
41.885300022,-87.642808466,41.877406123,-87.621971652,420,6.75,12,7,0,0
41.877406123,-87.621971652,41.892507781,-87.626214906,660,7.25,12,13,15,0
41.97907082,-87.903039661,41.892507781,-87.626214906,1440,44.75,12,0,45,0
41.892042136,-87.63186395,41.884987192,-87.620992913,480,6.25,12,16,30,0
41.849246754,-87.624135298,41.97907082,-87.903039661,2940,50,12,13,15,0
41.922686284,-87.649488729,41.899602111,-87.633308037,557,8,12,15,15,0
41.907520075,-87.6266589,41.891971508,-87.612945414,480,9.75,12,12,15,0
41.97907082,-87.903039661,41.89503345,-87.619710672,6840,56.5,12,16,45,0
41.878865584,-87.625192142,41.794090253,-87.592310855,946,19.25,12,16,0,0
41.849246754,-87.624135298,41.880994471,-87.632746489,1020,11.5,12,17,0,0
41.878865584,-87.625192142,41.922686284,-87.649488729,1020,12,12,21,0,0
41.878865584,-87.625192142,41.775928827,-87.666596265,1620,33,12,21,15,0
41.874005383,-87.66351755,41.899602111,-87.633308037,600,8.75,12,8,45,0
41.884987192,-87.620992913,41.785998518,-87.750934289,1920,34.5,12,8,0,0
41.980264315,-87.913624596,41.899602111,-87.633308037,2711,45.75,12,9,30,0
41.849246754,-87.624135298,41.880994471,-87.632746489,600,9,12,15,15,0
41.899602111,-87.633308037,41.922686284,-87.649488729,600,12,12,1,0,0
41.89503345,-87.619710672,41.97907082,-87.903039661,4200,54.75,12,12,0,0
41.892072635,-87.628874157,41.92926299,-87.635890954,360,10,12,1,15,0
41.9867118,-87.663416405,42.009622881,-87.670166857,120,4.75,12,2,15,0
41.885300022,-87.642808466,41.892072635,-87.628874157,419,6.5,12,17,45,0
41.89321636,-87.63784421,41.89830587,-87.653613982,232,5.25,12,23,15,0
41.884987192,-87.620992913,41.880994471,-87.632746489,240,5.25,12,11,15,0
41.880994471,-87.632746489,41.89503345,-87.619710672,840,9,12,14,0,0
41.849246754,-87.624135298,41.97907082,-87.903039661,3060,53,12,13,0,0
41.877406123,-87.621971652,41.879255084,-87.642648998,168,5,12,19,30,0
41.874005383,-87.66351755,41.901206994,-87.676355989,480,7.5,12,20,0,0
41.879255084,-87.642648998,41.877406123,-87.621971652,480,6.5,12,9,45,0
41.878865584,-87.625192142,41.901206994,-87.676355989,1380,14.25,12,14,30,0
41.878865584,-87.625192142,41.922686284,-87.649488729,1186,13.25,12,16,30,0
41.899155613,-87.626210532,41.949829346,-87.64396537,660,12.25,12,17,45,0
41.885300022,-87.642808466,41.877406123,-87.621971652,360,6.25,12,15,15,0
41.892072635,-87.628874157,41.907520075,-87.6266589,480,7.25,12,21,0,0
41.849246754,-87.624135298,41.892072635,-87.628874157,840,11.75,12,20,45,0
41.885300022,-87.642808466,41.899155613,-87.626210532,960,11.25,12,16,30,0
41.892072635,-87.628874157,41.892042136,-87.63186395,60,3.75,12,22,0,0
41.892507781,-87.626214906,41.891971508,-87.612945414,420,6.25,12,12,45,0
41.870607372,-87.622172937,41.849246754,-87.624135298,420,7.5,12,16,15,0
41.878865584,-87.625192142,41.878865584,-87.625192142,180,4.75,12,7,30,0
41.880994471,-87.632746489,41.877406123,-87.621971652,240,5,12,14,45,0
41.878865584,-87.625192142,41.92276062,-87.699155343,2700,21.75,12,16,0,0
41.953582125,-87.72345239,41.983636307,-87.723583185,1020,18,12,14,15,0
41.899602111,-87.633308037,41.96581197,-87.655878786,720,16,12,23,0,0
41.849246754,-87.624135298,41.880994471,-87.632746489,1080,11.5,12,15,45,0
41.892072635,-87.628874157,41.849246754,-87.624135298,900,12.25,12,10,15,0
41.901206994,-87.676355989,41.901206994,-87.676355989,480,6.5,12,11,45,0
41.892507781,-87.626214906,41.884987192,-87.620992913,180,4.25,12,8,45,0
41.849246754,-87.624135298,41.97907082,-87.903039661,3060,51.5,12,13,0,0
41.884987192,-87.620992913,41.89503345,-87.619710672,240,5,12,20,30,0
41.922686284,-87.649488729,41.944226601,-87.655998182,720,10.75,12,10,30,0
41.849246754,-87.624135298,41.97907082,-87.903039661,3240,52.5,12,14,0,0
41.880994471,-87.632746489,41.890922026,-87.618868355,600,8.25,12,16,15,0
41.898331794,-87.620762865,41.884987192,-87.620992913,360,6,12,22,30,0
41.892042136,-87.63186395,41.884987192,-87.620992913,360,5.75,12,1,45,0
41.899155613,-87.626210532,41.892507781,-87.626214906,600,7,12,10,30,0
41.890922026,-87.618868355,41.880994471,-87.632746489,600,8,12,21,15,0
41.879255084,-87.642648998,41.859349715,-87.617358006,780,10.25,12,17,45,0
41.880994471,-87.632746489,41.88528132,-87.6572332,540,6.75,12,16,45,0
41.892507781,-87.626214906,41.885300022,-87.642808466,666,8,12,15,45,0
41.892507781,-87.626214906,41.907520075,-87.6266589,180,5.25,12,15,0,0
41.892507781,-87.626214906,41.89321636,-87.63784421,120,4.5,12,20,30,0
41.899602111,-87.633308037,41.922686284,-87.649488729,780,11,12,20,30,0
41.89503345,-87.619710672,41.89321636,-87.63784421,480,7,12,17,0,0
41.849246754,-87.624135298,41.785998518,-87.750934289,2280,28,12,16,0,0
41.96581197,-87.655878786,41.901206994,-87.676355989,1380,18,12,9,15,0
41.901206994,-87.676355989,41.901206994,-87.676355989,300,6,12,17,0,0
41.892507781,-87.626214906,41.97907082,-87.903039661,1200,43,12,6,0,0
41.944226601,-87.655998182,41.96581197,-87.655878786,420,6.5,12,20,30,0
41.922686284,-87.649488729,41.899602111,-87.633308037,328,6.5,12,21,30,0
41.877406123,-87.621971652,41.849246754,-87.624135298,660,10.25,12,15,0,0
41.880994471,-87.632746489,41.892072635,-87.628874157,720,8.75,12,12,45,0
41.892507781,-87.626214906,41.879255084,-87.642648998,540,7.75,12,23,0,0
41.785998518,-87.750934289,41.943155086,-87.640698076,2340,43.25,12,21,30,0
41.891971508,-87.612945414,41.89503345,-87.619710672,360,5.75,12,17,15,0
41.870607372,-87.622172937,41.877406123,-87.621971652,300,5.25,12,18,45,0
41.877406123,-87.621971652,41.879255084,-87.642648998,300,5.5,12,17,45,0
41.890922026,-87.618868355,41.885300022,-87.642808466,540,7.75,12,20,30,0
41.922686284,-87.649488729,41.922686284,-87.649488729,180,5.25,12,2,15,0
41.878865584,-87.625192142,41.836150155,-87.648787952,1020,15.75,12,20,15,0
41.89503345,-87.619710672,41.89503345,-87.619710672,0,3.25,12,12,15,0
41.877406123,-87.621971652,41.879255084,-87.642648998,300,5.5,12,19,45,0
41.944226601,-87.655998182,41.92276062,-87.699155343,1306,14.25,12,19,15,0
41.892042136,-87.63186395,41.904935302,-87.649907226,420,6.75,12,22,30,0
41.899602111,-87.633308037,41.899602111,-87.633308037,503,8.5,12,6,30,0
41.944226601,-87.655998182,41.944226601,-87.655998182,540,8.5,12,17,30,0
41.899602111,-87.633308037,41.944226601,-87.655998182,1020,14.25,12,23,45,0
41.874005383,-87.66351755,41.96581197,-87.655878786,1080,24.25,12,22,0,0
41.899602111,-87.633308037,41.899602111,-87.633308037,360,6.25,12,1,0,0
41.89503345,-87.619710672,41.907520075,-87.6266589,480,6.75,12,15,45,0
41.89830587,-87.653613982,41.892507781,-87.626214906,360,6,12,15,30,0
41.980264315,-87.913624596,41.899602111,-87.633308037,5280,48.5,12,16,45,0
41.953582125,-87.72345239,41.922686284,-87.649488729,1260,15,12,15,30,0
41.899602111,-87.633308037,41.944226601,-87.655998182,780,14,12,21,45,0
41.904935302,-87.649907226,41.898331794,-87.620762865,1020,11.25,12,19,0,0
41.849246754,-87.624135298,41.97907082,-87.903039661,4740,59.25,12,16,15,0
41.899602111,-87.633308037,41.901206994,-87.676355989,720,9.5,12,17,45,0
41.880994471,-87.632746489,41.849246754,-87.624135298,900,11.5,12,9,15,0
41.890922026,-87.618868355,41.870415,-87.675085621,840,13.5,12,12,45,0
41.922082541,-87.634156093,41.884987192,-87.620992913,840,12,12,9,15,0
41.879255084,-87.642648998,41.898331794,-87.620762865,900,10.25,12,13,15,0
41.980264315,-87.913624596,42.009622881,-87.670166857,2340,38.25,12,23,45,0
41.785998518,-87.750934289,41.880994471,-87.632746489,1620,28.75,12,20,0,0
41.914616286,-87.631717366,41.97907082,-87.903039661,2940,42.5,12,8,15,0
41.879255084,-87.642648998,41.877406123,-87.621971652,420,6.5,12,9,15,0
41.899155613,-87.626210532,41.899155613,-87.626210532,0,7.75,12,14,0,0
41.892507781,-87.626214906,41.899155613,-87.626210532,420,5.75,12,18,30,0
41.944226601,-87.655998182,41.899602111,-87.633308037,660,12,12,13,30,0
41.9867118,-87.663416405,41.9867118,-87.663416405,180,5,12,23,45,0
41.89321636,-87.63784421,41.892042136,-87.63186395,420,6.25,12,21,15,0
41.880994471,-87.632746489,41.892042136,-87.63186395,300,6,12,23,30,0
41.884987192,-87.620992913,41.891971508,-87.612945414,420,7.25,12,12,15,0
41.885300022,-87.642808466,41.884987192,-87.620992913,740,8.5,12,9,0,0
41.885300022,-87.642808466,41.899155613,-87.626210532,823,9.75,12,9,0,0
41.877406123,-87.621971652,41.859349715,-87.617358006,420,6.5,12,18,0,0
41.89321636,-87.63784421,41.884987192,-87.620992913,540,7,12,21,45,0
41.884987192,-87.620992913,41.909495669,-87.630963601,660,9.25,12,17,45,0
41.898331794,-87.620762865,41.892042136,-87.63186395,240,5.25,12,15,30,0
41.880994471,-87.632746489,41.97907082,-87.903039661,2460,45.25,12,7,45,0
41.90749193,-87.63576009,41.880994471,-87.632746489,960,9.75,12,17,15,0
41.880994471,-87.632746489,41.892507781,-87.626214906,780,9,12,10,45,0
41.878865584,-87.625192142,41.874005383,-87.66351755,420,9,12,16,30,0
41.891971508,-87.612945414,41.892507781,-87.626214906,900,9.25,12,18,30,0
41.884987192,-87.620992913,41.89321636,-87.63784421,480,7.25,12,21,30,0
41.892072635,-87.628874157,41.885300022,-87.642808466,420,7,12,20,30,0
41.880994471,-87.632746489,41.859349715,-87.617358006,360,7.25,12,23,15,0
41.922686284,-87.649488729,41.899602111,-87.633308037,1980,23,12,15,45,0
41.849246754,-87.624135298,41.97907082,-87.903039661,3060,48.5,12,12,15,0
41.905857769,-87.630865027,41.89321636,-87.63784421,655,7.75,12,10,45,0
41.890922026,-87.618868355,41.879255084,-87.642648998,600,8.25,12,15,30,0
41.97907082,-87.903039661,41.877406123,-87.621971652,1704,44.75,12,21,30,0
41.899602111,-87.633308037,41.899602111,-87.633308037,0,3.25,12,16,0,0
41.857183858,-87.620334624,41.79259236,-87.769615453,1852,29.25,12,7,0,0
41.90749193,-87.63576009,41.899155613,-87.626210532,426,6.25,12,22,45,0
41.898331794,-87.620762865,41.891971508,-87.612945414,900,9.5,12,18,45,0
41.92276062,-87.699155343,41.901206994,-87.676355989,480,6.25,12,17,0,0
41.97907082,-87.903039661,41.97907082,-87.903039661,0,3.25,12,20,15,0
41.899602111,-87.633308037,41.901206994,-87.676355989,2100,19,12,16,45,0
41.899602111,-87.633308037,41.96581197,-87.655878786,1027,17.75,12,18,15,0
41.885300022,-87.642808466,41.884987192,-87.620992913,540,7.75,12,9,15,0
41.880994471,-87.632746489,41.880994471,-87.632746489,240,5,12,15,15,0
41.849246754,-87.624135298,41.785998518,-87.750934289,2400,28.25,12,15,0,0
41.878865584,-87.625192142,42.009622881,-87.670166857,1560,29.5,12,10,45,0
41.980264315,-87.913624596,41.944226601,-87.655998182,2880,38.75,12,20,15,0
41.880994471,-87.632746489,41.884987192,-87.620992913,300,5.25,12,17,15,0
41.890922026,-87.618868355,41.892042136,-87.63186395,300,5.5,12,18,0,0
41.884987192,-87.620992913,41.880994471,-87.632746489,439,6,12,12,30,0
41.905857769,-87.630865027,41.899155613,-87.626210532,420,5.75,12,22,45,0
41.899602111,-87.633308037,41.944226601,-87.655998182,1440,21.25,12,19,0,0
41.877406123,-87.621971652,41.906025969,-87.675311622,1560,17.75,12,19,30,0
41.890922026,-87.618868355,41.892072635,-87.628874157,193,4.75,12,23,30,0
41.899602111,-87.633308037,41.944226601,-87.655998182,600,13.75,12,15,30,0
41.899155613,-87.626210532,41.879255084,-87.642648998,840,10.75,12,23,45,0
41.892507781,-87.626214906,41.97907082,-87.903039661,2040,44.5,12,11,0,0
41.827437232,-87.632558769,41.859349715,-87.617358006,480,9,12,21,30,0
41.849246754,-87.624135298,41.97907082,-87.903039661,4519,54,12,14,0,0
41.899155613,-87.626210532,41.890922026,-87.618868355,660,8,12,13,30,0
41.878865584,-87.625192142,41.850266366,-87.667569312,600,9.5,12,10,45,0
41.922686284,-87.649488729,41.922686284,-87.649488729,480,8,12,22,30,0
41.922686284,-87.649488729,41.899602111,-87.633308037,360,7.25,12,20,45,0
41.880994471,-87.632746489,41.892507781,-87.626214906,240,6.25,12,1,45,0
41.878865584,-87.625192142,41.899602111,-87.633308037,450,6.5,12,8,45,0
41.849246754,-87.624135298,41.97907082,-87.903039661,4080,52.5,12,15,0,0
41.884987192,-87.620992913,41.880994471,-87.632746489,660,7.5,12,18,30,0
41.877406123,-87.621971652,41.90749193,-87.63576009,960,10.5,12,20,0,0
41.885300022,-87.642808466,41.87101588,-87.631406525,600,8.25,12,18,45,0
41.980264315,-87.913624596,41.922686284,-87.649488729,3120,57.75,12,21,45,0
41.97907082,-87.903039661,41.929046937,-87.651310877,1500,36.5,12,23,15,0
41.88528132,-87.6572332,41.899155613,-87.626210532,900,11.25,12,15,45,0
41.899155613,-87.626210532,41.89321636,-87.63784421,360,6.25,12,18,0,0
41.92276062,-87.699155343,41.899602111,-87.633308037,540,12.75,12,23,45,0
41.97907082,-87.903039661,41.942577185,-87.647078509,2160,38.75,12,14,15,0
41.892042136,-87.63186395,41.884987192,-87.620992913,240,4.75,12,17,45,0
41.980264315,-87.913624596,41.953582125,-87.72345239,1440,26.75,12,21,15,0
41.880994471,-87.632746489,41.88528132,-87.6572332,360,6.25,12,16,30,0
41.9867118,-87.663416405,41.9867118,-87.663416405,300,7.25,12,6,45,0
41.879255084,-87.642648998,41.892507781,-87.626214906,569,7.5,12,17,30,0
41.892042136,-87.63186395,41.892507781,-87.626214906,480,6.75,12,21,45,0
41.879255084,-87.642648998,41.89321636,-87.63784421,600,8.25,12,17,30,0
41.914747305,-87.654007029,41.892507781,-87.626214906,960,11.25,12,19,30,0
41.880994471,-87.632746489,41.884987192,-87.620992913,429,6.5,12,19,15,0
41.859349715,-87.617358006,41.880994471,-87.632746489,480,9.25,12,23,30,0
41.880994471,-87.632746489,41.884987192,-87.620992913,388,6.25,12,19,0,0
41.877406123,-87.621971652,41.884987192,-87.620992913,480,7.25,12,8,45,0
41.897983898,-87.641491533,41.88528132,-87.6572332,780,8.5,12,16,15,0
41.899155613,-87.626210532,41.870607372,-87.622172937,900,9.75,12,20,0,0
41.877406123,-87.621971652,41.880994471,-87.632746489,180,5.25,12,8,30,0
41.880994471,-87.632746489,41.880994471,-87.632746489,300,5.25,12,18,0,0
41.89503345,-87.619710672,41.785998518,-87.750934289,3300,38.75,12,17,15,0
41.878865584,-87.625192142,41.899602111,-87.633308037,720,9.25,12,9,30,0
41.849246754,-87.624135298,41.97907082,-87.903039661,6060,57.25,12,15,45,0
41.885300022,-87.642808466,41.884987192,-87.620992913,780,8.75,12,10,30,0
41.89321636,-87.63784421,41.885300022,-87.642808466,480,7.25,12,15,45,0
41.880994471,-87.632746489,41.884987192,-87.620992913,360,5.75,12,21,30,0
41.879255084,-87.642648998,41.900221297,-87.629105186,887,9.75,12,14,30,0
41.884987192,-87.620992913,41.892507781,-87.626214906,300,5.75,12,13,30,0
41.884987192,-87.620992913,41.97907082,-87.903039661,1200,43.5,12,5,30,0
41.892072635,-87.628874157,41.890922026,-87.618868355,300,5.25,12,21,30,0
41.97907082,-87.903039661,41.870607372,-87.622172937,2640,46.25,12,10,15,0
41.849246754,-87.624135298,41.97907082,-87.903039661,3960,55.5,12,13,15,0
41.880994471,-87.632746489,41.89830587,-87.653613982,900,10.25,12,17,45,0
41.859349715,-87.617358006,41.885300022,-87.642808466,1080,11.75,12,9,30,0
41.880994471,-87.632746489,41.892042136,-87.63186395,360,5.75,12,19,0,0
41.878865584,-87.625192142,41.874005383,-87.66351755,600,10.5,12,18,45,0
41.885300022,-87.642808466,41.89503345,-87.619710672,536,9,12,8,0,0
41.884987192,-87.620992913,41.902788048,-87.62614559,518,8,12,20,15,0
41.870607372,-87.622172937,41.879066994,-87.657005027,780,10,12,9,45,0
41.89321636,-87.63784421,41.892042136,-87.63186395,120,4.75,12,2,15,0
41.92276062,-87.699155343,41.985015101,-87.804532006,1800,24.31,12,14,30,0
41.97907082,-87.903039661,41.879066994,-87.657005027,3480,60.75,12,19,15,0
41.892507781,-87.626214906,41.92926299,-87.635890954,660,10,12,19,15,0
41.944226601,-87.655998182,41.944226601,-87.655998182,195,4,12,21,0,0
41.97907082,-87.903039661,41.905857769,-87.630865027,2280,43.25,12,13,0,0
41.891971508,-87.612945414,41.892042136,-87.63186395,360,7,12,20,0,0
41.947791586,-87.683834942,41.944226601,-87.655998182,542,7.75,12,16,45,0
41.880994471,-87.632746489,41.892507781,-87.626214906,480,6.5,12,16,0,0
41.79259236,-87.769615453,41.944226601,-87.655998182,2520,40,12,18,15,0
41.9867118,-87.663416405,41.983636307,-87.723583185,540,9.75,12,7,30,0
41.97907082,-87.903039661,41.936310131,-87.651562592,2700,39,12,20,45,0
41.884987192,-87.620992913,41.899155613,-87.626210532,240,5.25,12,16,45,0
41.891971508,-87.612945414,41.884987192,-87.620992913,480,7.5,12,12,0,0
41.870607372,-87.622172937,41.879255084,-87.642648998,540,7.75,12,23,15,0
41.878865584,-87.625192142,41.96581197,-87.655878786,2528,27.75,12,9,15,0
41.892507781,-87.626214906,41.877406123,-87.621971652,480,7,12,14,45,0
41.880994471,-87.632746489,41.879255084,-87.642648998,300,5.75,12,12,45,0
41.898331794,-87.620762865,41.892507781,-87.626214906,240,4.75,12,9,30,0
41.891971508,-87.612945414,41.891971508,-87.612945414,0,3.25,12,20,45,0
41.899602111,-87.633308037,41.874005383,-87.66351755,540,8.25,12,23,45,0
41.884987192,-87.620992913,41.884987192,-87.620992913,1676,15.5,12,17,15,0
41.808916283,-87.596183344,41.857183858,-87.620334624,660,13.25,12,7,45,0
41.892507781,-87.626214906,41.849246754,-87.624135298,960,12.25,12,14,0,0
41.878865584,-87.625192142,41.92276062,-87.699155343,3300,37.5,12,20,0,0
41.884987192,-87.620992913,41.870607372,-87.622172937,420,6.75,12,22,45,0
41.879255084,-87.642648998,41.880994471,-87.632746489,300,5.75,12,9,0,0
41.892507781,-87.626214906,41.849246754,-87.624135298,840,12.25,12,22,45,0
41.899602111,-87.633308037,41.901206994,-87.676355989,360,9.25,12,10,0,0
41.879255084,-87.642648998,41.900221297,-87.629105186,1200,12.75,12,14,15,0
41.849246754,-87.624135298,41.884987192,-87.620992913,840,11.5,12,12,45,0
41.892507781,-87.626214906,41.890922026,-87.618868355,300,5,12,15,45,0
41.885300022,-87.642808466,41.879255084,-87.642648998,180,4.75,12,15,45,0
41.922686284,-87.649488729,41.954027649,-87.763399032,2340,29.25,12,2,0,0
41.884987192,-87.620992913,41.898331794,-87.620762865,420,6.5,12,13,45,0
41.879255084,-87.642648998,41.870607372,-87.622172937,540,7.75,12,17,15,0
41.877406123,-87.621971652,41.880994471,-87.632746489,300,5.5,12,14,15,0
41.90749193,-87.63576009,41.884987192,-87.620992913,840,10.75,12,21,30,0
41.892507781,-87.626214906,41.879255084,-87.642648998,960,11,12,18,15,0
41.980264315,-87.913624596,41.92276062,-87.699155343,1260,34,12,21,45,0
41.874005383,-87.66351755,41.878865584,-87.625192142,360,7,12,9,45,0
41.879255084,-87.642648998,41.877406123,-87.621971652,480,6.75,12,9,45,0
41.878865584,-87.625192142,41.899602111,-87.633308037,660,9.25,12,11,45,0
41.892042136,-87.63186395,41.907520075,-87.6266589,540,8.25,12,22,45,0
41.880994471,-87.632746489,41.90749193,-87.63576009,720,9.25,12,16,15,0
41.892507781,-87.626214906,41.877406123,-87.621971652,679,7.5,12,12,30,0
41.900265687,-87.63210922,41.89321636,-87.63784421,300,5.5,12,15,30,0
41.890922026,-87.618868355,41.880994471,-87.632746489,360,7,12,20,30,0
41.884987192,-87.620992913,41.859349715,-87.617358006,744,11.25,12,12,30,0
41.878865584,-87.625192142,41.899602111,-87.633308037,720,9,12,15,15,0
41.899602111,-87.633308037,41.850266366,-87.667569312,900,14.5,12,21,45,0
41.880994471,-87.632746489,41.880994471,-87.632746489,480,5.75,12,15,30,0
41.874005383,-87.66351755,41.744205146,-87.656305986,1440,34.06,12,11,45,0
41.89321636,-87.63784421,41.880994471,-87.632746489,480,7,12,20,15,0
41.884987192,-87.620992913,41.885300022,-87.642808466,540,7.25,12,15,15,0
41.885300022,-87.642808466,41.88528132,-87.6572332,480,8,12,19,30,0
41.878865584,-87.625192142,41.899602111,-87.633308037,660,8.5,12,16,45,0
41.899602111,-87.633308037,41.899602111,-87.633308037,240,5.5,12,2,45,0
41.900221297,-87.629105186,41.892507781,-87.626214906,540,6.5,12,13,15,0
41.880994471,-87.632746489,41.884987192,-87.620992913,480,6.75,12,16,15,0
41.885300022,-87.642808466,41.936086535,-87.666110694,1260,15.25,12,19,0,0
41.874005383,-87.66351755,41.874005383,-87.66351755,240,4.75,12,18,30,0
41.899602111,-87.633308037,41.899602111,-87.633308037,180,4.75,12,4,15,0
41.944226601,-87.655998182,41.899602111,-87.633308037,608,11.75,12,12,45,0
41.980264315,-87.913624596,41.96581197,-87.655878786,3180,36.75,12,14,45,0
41.892507781,-87.626214906,41.880994471,-87.632746489,780,8,12,12,15,0
41.849246754,-87.624135298,41.785998518,-87.750934289,2940,44.5,12,12,45,0
41.898331794,-87.620762865,41.849246754,-87.624135298,720,12.75,12,7,15,0
41.899602111,-87.633308037,41.901206994,-87.676355989,1020,13,12,0,0,0
41.892042136,-87.63186395,41.877406123,-87.621971652,360,6.25,12,16,15,0
41.892507781,-87.626214906,41.885300022,-87.642808466,900,9.25,12,17,45,0
41.884987192,-87.620992913,41.89503345,-87.619710672,249,5,12,8,30,0
41.874005383,-87.66351755,41.874005383,-87.66351755,300,6,12,14,30,0
41.885300022,-87.642808466,41.898331794,-87.620762865,600,8.75,12,19,45,0
41.97907082,-87.903039661,41.943237122,-87.643470956,4200,42.75,12,18,0,0
41.980264315,-87.913624596,41.901206994,-87.676355989,1386,38.5,12,10,15,0
41.849246754,-87.624135298,41.892507781,-87.626214906,1380,14,12,20,15,0
41.880994471,-87.632746489,41.880994471,-87.632746489,300,5.25,12,16,0,0
41.922686284,-87.649488729,41.899602111,-87.633308037,780,10.5,12,12,0,0
41.892042136,-87.63186395,41.892042136,-87.63186395,60,3.75,12,22,45,0
41.899602111,-87.633308037,41.901206994,-87.676355989,600,11.25,12,23,0,0
41.884987192,-87.620992913,41.880994471,-87.632746489,360,5.75,12,19,30,0
41.892507781,-87.626214906,41.880994471,-87.632746489,518,6.75,12,13,15,0
41.877406123,-87.621971652,41.880994471,-87.632746489,300,5.75,12,9,30,0
41.899602111,-87.633308037,41.96581197,-87.655878786,840,17.25,12,23,45,0
41.899602111,-87.633308037,41.922686284,-87.649488729,480,8,12,22,15,0
41.892507781,-87.626214906,41.900221297,-87.629105186,360,5.75,12,18,45,0
41.899602111,-87.633308037,41.922686284,-87.649488729,1080,14.25,12,10,15,0
41.879255084,-87.642648998,41.880994471,-87.632746489,300,5.75,12,14,45,0
41.891971508,-87.612945414,41.892507781,-87.626214906,300,6.5,12,20,30,0
41.88528132,-87.6572332,41.938391258,-87.63857492,1020,18.5,12,20,45,0
41.899602111,-87.633308037,41.901206994,-87.676355989,780,12.25,12,2,15,0
41.980264315,-87.913624596,41.901206994,-87.676355989,1080,38.5,12,0,0,0
41.892507781,-87.626214906,41.785998518,-87.750934289,2904,37,12,13,15,0
41.89503345,-87.619710672,41.91922505,-87.671445766,840,14.25,12,23,15,0
41.97907082,-87.903039661,41.877406123,-87.621971652,4860,48,12,15,45,0
41.901206994,-87.676355989,41.901206994,-87.676355989,180,5,12,1,0,0
41.892042136,-87.63186395,41.89321636,-87.63784421,240,5,12,19,45,0
41.884987192,-87.620992913,41.884987192,-87.620992913,600,5.75,12,21,15,0
41.922082541,-87.634156093,41.899155613,-87.626210532,780,9.25,12,9,0,0
41.899602111,-87.633308037,41.842076117,-87.633973422,1020,18.5,12,12,15,0
41.898331794,-87.620762865,41.877406123,-87.621971652,480,7.25,12,11,45,0
41.880994471,-87.632746489,41.870607372,-87.622172937,540,7.75,12,8,45,0
41.874005383,-87.66351755,41.857183858,-87.620334624,420,8.25,12,23,45,0
41.884987192,-87.620992913,41.902788048,-87.62614559,660,7.75,12,19,0,0
41.884987192,-87.620992913,41.88528132,-87.6572332,720,9,12,23,15,0
41.97907082,-87.903039661,41.97907082,-87.903039661,540,6.75,12,12,0,0
41.899602111,-87.633308037,41.944226601,-87.655998182,360,9.5,12,23,0,0
41.880994471,-87.632746489,41.89321636,-87.63784421,540,7,12,14,0,0
41.884987192,-87.620992913,41.900265687,-87.63210922,660,8.5,12,16,15,0
41.884987192,-87.620992913,41.885300022,-87.642808466,360,6.25,12,17,0,0
41.938232293,-87.646782081,41.900265687,-87.63210922,720,10,12,20,45,0
41.892507781,-87.626214906,41.880994471,-87.632746489,420,6.5,12,19,45,0
41.899155613,-87.626210532,41.880994471,-87.632746489,1140,11.5,12,15,0,0
41.892507781,-87.626214906,41.892507781,-87.626214906,60,3.25,12,6,30,0
41.97907082,-87.903039661,41.870607372,-87.622172937,4080,49.75,12,18,15,0
41.880994471,-87.632746489,41.89321636,-87.63784421,240,6,12,22,0,0
41.880994471,-87.632746489,41.884987192,-87.620992913,900,9.25,12,11,30,0
41.97907082,-87.903039661,41.884987192,-87.620992913,5340,49.5,12,17,0,0
41.880994471,-87.632746489,41.892042136,-87.63186395,390,6.25,12,14,45,0
41.885300022,-87.642808466,41.885300022,-87.642808466,480,8.75,12,0,45,0
41.880994471,-87.632746489,41.89321636,-87.63784421,305,6,12,12,45,0
41.859349715,-87.617358006,41.859349715,-87.617358006,480,7.5,12,19,0,0
41.878865584,-87.625192142,41.899602111,-87.633308037,574,8.5,12,6,30,0
41.892507781,-87.626214906,41.880994471,-87.632746489,300,6.5,12,7,0,0
41.892507781,-87.626214906,41.785998518,-87.750934289,2220,35.5,12,7,0,0
41.89830587,-87.653613982,41.885300022,-87.642808466,180,4.5,12,23,45,0
41.891971508,-87.612945414,41.880994471,-87.632746489,420,7.5,12,15,45,0
41.980264315,-87.913624596,41.96581197,-87.655878786,3780,43,12,16,0,0
41.980264315,-87.913624596,41.947791586,-87.683834942,2760,33,12,15,45,0
41.97907082,-87.903039661,41.921778356,-87.641459759,3240,40.75,12,18,30,0
41.857183858,-87.620334624,41.842076117,-87.633973422,480,9,12,21,0,0
41.899602111,-87.633308037,41.901206994,-87.676355989,720,9.5,12,18,30,0
41.880994471,-87.632746489,41.892507781,-87.626214906,300,6.25,12,11,30,0
41.874005383,-87.66351755,41.899602111,-87.633308037,720,12,12,13,15,0
41.898331794,-87.620762865,41.880994471,-87.632746489,540,9,12,8,45,0
41.880994471,-87.632746489,41.870607372,-87.622172937,300,5.5,12,11,15,0
41.968069,-87.721559063,41.953582125,-87.72345239,120,4.75,12,0,0,0
41.849246754,-87.624135298,41.890922026,-87.618868355,1140,13,12,12,45,0
41.898331794,-87.620762865,41.885300022,-87.642808466,900,10,12,13,30,0
41.884987192,-87.620992913,41.892042136,-87.63186395,387,5.75,12,12,30,0
41.89321636,-87.63784421,41.89321636,-87.63784421,120,4.5,12,22,0,0
41.914616286,-87.631717366,41.89503345,-87.619710672,452,9,12,6,30,0
41.880994471,-87.632746489,41.880994471,-87.632746489,240,4.5,12,8,45,0
41.96581197,-87.655878786,41.922686284,-87.649488729,540,10,12,7,45,0
41.922686284,-87.649488729,41.899602111,-87.633308037,720,9.5,12,11,45,0
41.89321636,-87.63784421,41.898331794,-87.620762865,480,7,12,22,15,0
41.89321636,-87.63784421,41.900221297,-87.629105186,420,6.75,12,15,0,0
41.849246754,-87.624135298,41.880994471,-87.632746489,900,10.5,12,18,30,0
41.892507781,-87.626214906,41.97907082,-87.903039661,2040,44.25,12,12,30,0
41.877406123,-87.621971652,41.879255084,-87.642648998,300,5.75,12,14,30,0
41.849246754,-87.624135298,41.890922026,-87.618868355,2040,17.25,12,16,45,0
41.980264315,-87.913624596,41.899602111,-87.633308037,1560,45,12,6,30,0
41.884987192,-87.620992913,41.899155613,-87.626210532,718,7.75,12,17,45,0
41.884987192,-87.620992913,41.880994471,-87.632746489,360,6.5,12,14,30,0
41.944226601,-87.655998182,41.878865584,-87.625192142,1020,16.25,12,8,30,0
41.905857769,-87.630865027,41.892072635,-87.628874157,360,5.75,12,10,15,0
41.898331794,-87.620762865,41.88528132,-87.6572332,1020,11.25,12,19,45,0
41.880994471,-87.632746489,41.892507781,-87.626214906,600,8.75,12,15,45,0
41.899155613,-87.626210532,41.880994471,-87.632746489,480,7.25,12,14,30,0
41.892042136,-87.63186395,41.892042136,-87.63186395,180,4.25,12,18,15,0
41.880994471,-87.632746489,41.891971508,-87.612945414,600,9.25,12,18,45,0
41.892507781,-87.626214906,41.890922026,-87.618868355,297,5.5,12,23,0,0
41.892507781,-87.626214906,41.890922026,-87.618868355,160,4.5,12,0,30,0
41.879255084,-87.642648998,41.877406123,-87.621971652,360,5.75,12,14,15,0
41.892042136,-87.63186395,41.88528132,-87.6572332,420,7,12,15,0,0
41.877406123,-87.621971652,41.902788048,-87.62614559,720,9.25,12,13,15,0
41.89321636,-87.63784421,41.892042136,-87.63186395,120,4.25,12,0,15,0
41.880994471,-87.632746489,41.884987192,-87.620992913,600,7.25,12,14,30,0
41.880994471,-87.632746489,41.943237122,-87.643470956,1200,19.25,12,20,30,0
41.980264315,-87.913624596,41.922686284,-87.649488729,4380,40,12,16,0,0
41.944226601,-87.655998182,41.96581197,-87.655878786,576,7.5,12,17,15,0
41.892507781,-87.626214906,41.877406123,-87.621971652,300,6,12,15,45,0
41.892072635,-87.628874157,41.880994471,-87.632746489,540,7.25,12,18,30,0
41.944226601,-87.655998182,41.899602111,-87.633308037,1140,18.5,12,23,0,0
41.89503345,-87.619710672,41.90749193,-87.63576009,600,8,12,17,45,0
41.88528132,-87.6572332,41.88528132,-87.6572332,173,4.5,12,22,30,0
41.880994471,-87.632746489,41.879255084,-87.642648998,360,6.5,12,12,45,0
41.944226601,-87.655998182,41.922686284,-87.649488729,120,4,12,20,15,0
41.878865584,-87.625192142,41.944226601,-87.655998182,1200,19.75,12,20,30,0
41.880994471,-87.632746489,41.89503345,-87.619710672,420,6.5,12,21,0,0
41.874005383,-87.66351755,41.944226601,-87.655998182,960,20.5,12,1,30,0
41.947791586,-87.683834942,41.899602111,-87.633308037,720,15.5,12,23,30,0
41.892042136,-87.63186395,41.914616286,-87.631717366,540,8,12,19,15,0
41.884987192,-87.620992913,41.880994471,-87.632746489,420,6.75,12,16,0,0
41.944226601,-87.655998182,41.922686284,-87.649488729,240,4.75,12,15,15,0
41.900221297,-87.629105186,41.89321636,-87.63784421,420,6,12,21,15,0
41.922686284,-87.649488729,41.899602111,-87.633308037,780,10.25,12,13,15,0
41.944226601,-87.655998182,41.944226601,-87.655998182,180,5,12,15,30,0
41.944226601,-87.655998182,41.96581197,-87.655878786,360,6.25,12,21,30,0
41.892507781,-87.626214906,41.880994471,-87.632746489,600,8.5,12,20,30,0
41.97907082,-87.903039661,41.884987192,-87.620992913,1680,44.75,12,23,45,0
41.922686284,-87.649488729,41.899602111,-87.633308037,360,7.25,12,13,30,0
41.922686284,-87.649488729,41.922686284,-87.649488729,360,6.25,12,12,15,0
41.924347077,-87.734739754,41.922686284,-87.649488729,820,13,12,23,30,0
41.890922026,-87.618868355,41.880994471,-87.632746489,420,6,12,10,30,0
41.884987192,-87.620992913,41.886005786,-87.671873941,900,11,12,10,45,0
41.885300022,-87.642808466,41.884987192,-87.620992913,420,6.25,12,9,30,0
41.880994471,-87.632746489,41.880994471,-87.632746489,550,6.5,12,22,30,0
41.880994471,-87.632746489,41.89321636,-87.63784421,480,7,12,17,15,0
41.879255084,-87.642648998,41.892042136,-87.63186395,540,6.75,12,12,30,0
41.891971508,-87.612945414,41.880994471,-87.632746489,581,9.5,12,20,0,0
41.885300022,-87.642808466,41.900265687,-87.63210922,720,8,12,16,45,0
41.884987192,-87.620992913,41.892072635,-87.628874157,240,5.25,12,22,30,0
41.899602111,-87.633308037,41.922686284,-87.649488729,720,11.25,12,10,15,0
41.89321636,-87.63784421,41.885300022,-87.642808466,512,7.5,12,18,45,0
41.880994471,-87.632746489,41.885300022,-87.642808466,300,6.25,12,22,45,0
41.892042136,-87.63186395,41.890922026,-87.618868355,300,5.5,12,21,15,0
41.880994471,-87.632746489,41.892658108,-87.652534484,480,7.25,12,22,15,0
41.885300022,-87.642808466,41.97907082,-87.903039661,4980,51.25,12,16,0,0
41.89321636,-87.63784421,41.879255084,-87.642648998,480,7,12,17,45,0
41.922686284,-87.649488729,41.922686284,-87.649488729,240,5.5,12,17,30,0
41.874005383,-87.66351755,41.878865584,-87.625192142,780,9.25,12,9,30,0
41.980264315,-87.913624596,41.92276062,-87.699155343,2700,37.75,12,20,30,0
41.874005383,-87.66351755,41.850266366,-87.667569312,840,12,12,9,15,0
41.899155613,-87.626210532,41.907520075,-87.6266589,360,5.75,12,19,15,0
41.892072635,-87.628874157,41.89503345,-87.619710672,540,7.5,12,22,45,0
41.877406123,-87.621971652,41.849246754,-87.624135298,780,10.75,12,20,30,0
41.880994471,-87.632746489,41.879066994,-87.657005027,420,6.75,12,14,0,0
41.874005383,-87.66351755,41.92276062,-87.699155343,1020,17,12,21,0,0
41.884987192,-87.620992913,41.880994471,-87.632746489,480,7.25,12,14,45,0
41.878865584,-87.625192142,41.975170943,-87.687515515,2643,30,12,17,15,0
41.898331794,-87.620762865,41.97907082,-87.903039661,5400,52.5,12,16,0,0
41.808916283,-87.596183344,41.82371281,-87.602350437,180,7,12,18,0,0
41.899602111,-87.633308037,41.922686284,-87.649488729,480,7.75,12,1,0,0
41.878865584,-87.625192142,41.878865584,-87.625192142,569,8.25,12,9,30,0
41.884987192,-87.620992913,41.885300022,-87.642808466,360,6,12,9,45,0
41.892507781,-87.626214906,41.785998518,-87.750934289,2460,40,12,13,45,0
42.009622881,-87.670166857,41.944226601,-87.655998182,1020,13.25,12,19,30,0
41.899602111,-87.633308037,41.899602111,-87.633308037,300,5.5,12,0,45,0
41.942488155,-87.747154322,41.942488155,-87.747154322,34,3.25,12,10,45,0
41.880994471,-87.632746489,41.884987192,-87.620992913,420,6,12,14,15,0
41.884987192,-87.620992913,41.900265687,-87.63210922,660,8,12,12,30,0
41.870607372,-87.622172937,41.907520075,-87.6266589,720,13.25,12,9,45,0
41.898331794,-87.620762865,41.90749193,-87.63576009,480,6.75,12,11,45,0
41.877406123,-87.621971652,41.880994471,-87.632746489,240,5,12,18,0,0
41.884987192,-87.620992913,41.892507781,-87.626214906,180,4.75,12,22,30,0
41.880994471,-87.632746489,41.899155613,-87.626210532,540,8,12,21,0,0
41.88528132,-87.6572332,41.90749193,-87.63576009,540,9,12,23,0,0
41.89321636,-87.63784421,41.892042136,-87.63186395,120,4,12,1,30,0
41.890922026,-87.618868355,41.880994471,-87.632746489,360,5.5,12,18,0,0
41.874005383,-87.66351755,41.878865584,-87.625192142,480,9.5,12,16,30,0
41.874005383,-87.66351755,41.899602111,-87.633308037,840,9,12,9,45,0
41.899602111,-87.633308037,41.92276062,-87.699155343,1020,14.75,12,20,15,0
41.880994471,-87.632746489,41.885300022,-87.642808466,120,4.25,12,19,30,0
41.880994471,-87.632746489,41.880994471,-87.632746489,376,5.75,12,14,45,0
41.898331794,-87.620762865,41.89830587,-87.653613982,1200,12.25,12,12,30,0
41.914616286,-87.631717366,41.892072635,-87.628874157,387,8.25,12,2,15,0
41.880994471,-87.632746489,41.909495669,-87.630963601,780,9.5,12,16,45,0
41.885300022,-87.642808466,41.884987192,-87.620992913,261,5.25,12,13,45,0
41.891971508,-87.612945414,41.89503345,-87.619710672,360,5.25,12,10,30,0
41.878865584,-87.625192142,41.874005383,-87.66351755,300,6,12,23,15,0
41.849246754,-87.624135298,41.877406123,-87.621971652,515,8.75,12,13,0,0
41.899602111,-87.633308037,41.92276062,-87.699155343,780,16.5,12,2,0,0
41.892507781,-87.626214906,41.892042136,-87.63186395,300,5.25,12,0,15,0
41.884987192,-87.620992913,41.880994471,-87.632746489,540,7.5,12,8,30,0
41.909495669,-87.630963601,41.922082541,-87.634156093,240,5.75,12,14,45,0
41.892507781,-87.626214906,41.892507781,-87.626214906,198,4.5,12,11,15,0
41.884987192,-87.620992913,41.884987192,-87.620992913,180,4.5,12,13,45,0
41.97907082,-87.903039661,41.97907082,-87.903039661,0,3.25,12,20,15,0
41.884987192,-87.620992913,41.892042136,-87.63186395,600,7,12,19,0,0
41.890922026,-87.618868355,41.879066994,-87.657005027,900,11,12,20,30,0
41.97907082,-87.903039661,41.936237179,-87.656411531,1980,38.25,12,22,0,0
41.874005383,-87.66351755,41.836150155,-87.648787952,600,15.25,12,23,45,0
41.884987192,-87.620992913,41.97907082,-87.903039661,2700,45,12,8,30,0
41.892507781,-87.626214906,41.859349715,-87.617358006,660,10,12,14,45,0
41.849246754,-87.624135298,41.97907082,-87.903039661,4860,58,12,17,45,0
41.884987192,-87.620992913,41.892042136,-87.63186395,600,7.5,12,21,15,0
41.884987192,-87.620992913,41.89321636,-87.63784421,846,9.25,12,17,0,0
41.879255084,-87.642648998,41.884987192,-87.620992913,420,6.75,12,8,45,0
41.870607372,-87.622172937,41.880994471,-87.632746489,540,7.5,12,12,30,0
41.900265687,-87.63210922,41.880994471,-87.632746489,1140,10.75,12,18,0,0
41.785998518,-87.750934289,41.88528132,-87.6572332,2280,31.25,12,14,30,0
41.878865584,-87.625192142,41.92276062,-87.699155343,1044,13.25,12,14,30,0
41.878865584,-87.625192142,41.922686284,-87.649488729,780,11,12,17,0,0
41.878865584,-87.625192142,41.874005383,-87.66351755,1260,12.25,12,17,15,0
41.880994471,-87.632746489,41.892507781,-87.626214906,600,7.25,12,10,30,0
41.880994471,-87.632746489,41.880994471,-87.632746489,60,4,12,19,15,0
41.892507781,-87.626214906,41.891971508,-87.612945414,180,4.5,12,23,45,0
41.898331794,-87.620762865,41.921778356,-87.641459759,780,9.5,12,17,0,0
41.892507781,-87.626214906,41.880994471,-87.632746489,420,7,12,16,0,0
41.892072635,-87.628874157,41.859349715,-87.617358006,660,10,12,21,45,0
41.878865584,-87.625192142,41.944226601,-87.655998182,1020,16.5,12,19,45,0
41.890922026,-87.618868355,41.880994471,-87.632746489,536,8,12,7,30,0
41.884987192,-87.620992913,41.892507781,-87.626214906,568,6.75,12,9,0,0
41.899602111,-87.633308037,41.975170943,-87.687515515,1696,27.5,12,11,30,0
41.880994471,-87.632746489,41.880994471,-87.632746489,373,5.75,12,17,45,0
41.885300022,-87.642808466,41.907520075,-87.6266589,960,11.5,12,19,30,0
41.922686284,-87.649488729,41.96581197,-87.655878786,600,13.25,12,22,30,0
41.874005383,-87.66351755,41.901206994,-87.676355989,1140,13,12,17,15,0
41.890922026,-87.618868355,41.880994471,-87.632746489,1020,10.5,12,14,30,0
41.877406123,-87.621971652,41.892072635,-87.628874157,540,7,12,13,30,0
41.890922026,-87.618868355,41.880994471,-87.632746489,720,9.25,12,14,45,0
41.859349715,-87.617358006,41.859349715,-87.617358006,120,4.75,12,18,15,0
41.880994471,-87.632746489,41.867902418,-87.642958665,420,6.75,12,13,15,0
41.880994471,-87.632746489,41.904935302,-87.649907226,761,10,12,18,0,0
41.88528132,-87.6572332,41.891971508,-87.612945414,655,9.25,12,23,30,0
41.884987192,-87.620992913,41.899155613,-87.626210532,600,8,12,20,0,0
41.892072635,-87.628874157,41.89321636,-87.63784421,180,4.75,12,14,30,0
41.96581197,-87.655878786,41.944226601,-87.655998182,270,6,12,19,15,0
41.9867118,-87.663416405,41.9867118,-87.663416405,180,4.75,12,21,15,0
41.89321636,-87.63784421,41.880994471,-87.632746489,480,6.25,12,13,30,0
41.879255084,-87.642648998,41.849246754,-87.624135298,660,10.25,12,16,45,0
41.890922026,-87.618868355,41.92926299,-87.635890954,960,12,12,18,30,0
41.899602111,-87.633308037,41.944226601,-87.655998182,660,11.75,12,10,0,0
41.892042136,-87.63186395,41.89321636,-87.63784421,300,5.5,12,1,15,0
41.899602111,-87.633308037,41.899602111,-87.633308037,300,5.5,12,1,30,0
41.878865584,-87.625192142,41.901206994,-87.676355989,1366,16.25,12,22,15,0
41.892042136,-87.63186395,41.899155613,-87.626210532,344,5.75,12,13,45,0
41.880994471,-87.632746489,41.859349715,-87.617358006,600,8.25,12,20,45,0
41.884987192,-87.620992913,41.97907082,-87.903039661,2351,47.25,12,11,30,0
41.898331794,-87.620762865,41.892507781,-87.626214906,600,7,12,12,0,0
41.890922026,-87.618868355,41.899155613,-87.626210532,480,6.75,12,9,15,0
41.892507781,-87.626214906,41.891971508,-87.612945414,480,7.25,12,19,0,0
41.89321636,-87.63784421,41.884987192,-87.620992913,480,6.25,12,14,15,0
41.880994471,-87.632746489,41.899155613,-87.626210532,502,7,12,21,15,0
41.89321636,-87.63784421,41.884987192,-87.620992913,493,7.5,12,7,45,0
41.879255084,-87.642648998,41.898331794,-87.620762865,1077,9.5,12,15,15,0
41.884987192,-87.620992913,41.89321636,-87.63784421,480,7.75,12,9,30,0
41.877406123,-87.621971652,41.785998518,-87.750934289,1560,31,12,12,30,0
41.88528132,-87.6572332,41.884987192,-87.620992913,350,6.75,12,15,30,0
41.885300022,-87.642808466,41.898331794,-87.620762865,663,10.25,12,1,15,0
41.880994471,-87.632746489,41.892042136,-87.63186395,360,6.25,12,19,45,0
41.899602111,-87.633308037,41.901206994,-87.676355989,360,6.75,12,12,30,0
41.892507781,-87.626214906,41.898331794,-87.620762865,480,6.75,12,17,45,0
41.899602111,-87.633308037,41.922686284,-87.649488729,1257,15,12,16,0,0
41.878865584,-87.625192142,41.944226601,-87.655998182,1406,21.5,12,11,30,0
41.89967018,-87.669837798,41.905857769,-87.630865027,600,9,12,22,0,0
41.944226601,-87.655998182,41.922686284,-87.649488729,480,7.25,12,3,45,0
41.859349715,-87.617358006,41.849246754,-87.624135298,60,4,12,14,30,0
41.980264315,-87.913624596,41.944226601,-87.655998182,4500,44.5,12,15,45,0
41.904935302,-87.649907226,41.90749193,-87.63576009,120,4.5,12,23,0,0
41.878865584,-87.625192142,41.901206994,-87.676355989,1560,15.25,12,17,30,0
41.947791586,-87.683834942,41.878865584,-87.625192142,1473,23.5,12,7,15,0
41.892507781,-87.626214906,41.891971508,-87.612945414,300,5.25,12,23,15,0
41.898331794,-87.620762865,41.921877461,-87.66407824,900,12.5,12,18,0,0
41.884987192,-87.620992913,41.97907082,-87.903039661,3660,48.25,12,14,30,0
41.880994471,-87.632746489,41.870607372,-87.622172937,720,7.75,12,12,0,0
41.96581197,-87.655878786,41.975170943,-87.687515515,660,9.5,12,10,30,0
41.899602111,-87.633308037,41.836150155,-87.648787952,1140,17.5,12,18,45,0
41.899602111,-87.633308037,41.947791586,-87.683834942,1379,21,12,21,15,0
41.885300022,-87.642808466,41.880994471,-87.632746489,240,5.5,12,15,15,0
41.900265687,-87.63210922,41.884987192,-87.620992913,720,8.25,12,17,45,0
41.884987192,-87.620992913,41.892507781,-87.626214906,420,6.25,12,10,45,0
41.922686284,-87.649488729,41.944226601,-87.655998182,918,11.25,12,13,30,0
41.97907082,-87.903039661,41.890922026,-87.618868355,2460,44,12,12,30,0
41.880994471,-87.632746489,41.89321636,-87.63784421,240,5,12,13,30,0
41.880994471,-87.632746489,41.89503345,-87.619710672,540,7,12,19,0,0
41.922686284,-87.649488729,41.922686284,-87.649488729,240,5.25,12,23,0,0
41.859349715,-87.617358006,41.880994471,-87.632746489,480,7.25,12,8,30,0
41.89321636,-87.63784421,41.880994471,-87.632746489,300,5.25,12,11,30,0
41.892042136,-87.63186395,41.879066994,-87.657005027,780,10.5,12,20,0,0
41.944226601,-87.655998182,41.922686284,-87.649488729,240,5.75,12,10,45,0
41.892042136,-87.63186395,41.892507781,-87.626214906,240,5,12,19,30,0
41.880994471,-87.632746489,41.89321636,-87.63784421,600,8.25,12,11,15,0
41.880994471,-87.632746489,41.97907082,-87.903039661,2520,43.5,12,13,45,0
41.878865584,-87.625192142,41.92276062,-87.699155343,2033,18.25,12,15,45,0
41.879255084,-87.642648998,41.899155613,-87.626210532,1200,11.5,12,18,30,0
41.900221297,-87.629105186,41.88528132,-87.6572332,576,8.5,12,20,30,0
41.901206994,-87.676355989,41.944226601,-87.655998182,840,11.25,12,20,45,0
41.907520075,-87.6266589,41.899155613,-87.626210532,300,5.25,12,17,0,0
41.944226601,-87.655998182,41.953582125,-87.72345239,1278,13.75,12,17,15,0
41.880994471,-87.632746489,41.859349715,-87.617358006,780,10.25,12,10,45,0
41.898331794,-87.620762865,41.921778188,-87.651061884,720,10.25,12,19,15,0
41.9867118,-87.663416405,41.96581197,-87.655878786,60,4.5,12,20,30,0
41.880994471,-87.632746489,41.890922026,-87.618868355,300,5.5,12,21,0,0
41.892072635,-87.628874157,41.884987192,-87.620992913,240,5.25,12,12,30,0
41.849246754,-87.624135298,41.97907082,-87.903039661,5339,58.25,12,16,15,0
41.980264315,-87.913624596,41.96581197,-87.655878786,3240,39.25,12,17,0,0
41.879255084,-87.642648998,41.880994471,-87.632746489,240,5,12,14,15,0
41.880994471,-87.632746489,41.89321636,-87.63784421,600,8,12,19,45,0
41.884987192,-87.620992913,41.890922026,-87.618868355,540,6.75,12,10,30,0
41.885300022,-87.642808466,41.892042136,-87.63186395,240,5,12,23,15,0
41.899602111,-87.633308037,41.922686284,-87.649488729,540,8,12,18,45,0
41.884987192,-87.620992913,41.879255084,-87.642648998,300,6.25,12,19,15,0
41.97907082,-87.903039661,41.891971508,-87.612945414,3918,46,12,14,15,0
41.96581197,-87.655878786,41.944226601,-87.655998182,420,9.75,12,21,0,0
41.880994471,-87.632746489,41.880994471,-87.632746489,414,5.75,12,12,15,0
41.880994471,-87.632746489,41.884987192,-87.620992913,180,5,12,7,0,0
41.899602111,-87.633308037,41.922686284,-87.649488729,480,9.75,12,15,45,0
41.880994471,-87.632746489,41.892042136,-87.63186395,360,6.5,12,18,30,0
41.880994471,-87.632746489,41.880994471,-87.632746489,234,5,12,5,45,0
41.892507781,-87.626214906,41.892507781,-87.626214906,240,5,12,10,0,0
41.9867118,-87.663416405,41.9867118,-87.663416405,48,3.5,12,7,30,0
41.892042136,-87.63186395,41.877406123,-87.621971652,480,6.5,12,21,15,0
41.884987192,-87.620992913,41.880994471,-87.632746489,480,6.25,12,18,30,0
41.892507781,-87.626214906,41.88528132,-87.6572332,540,9,12,23,0,0
41.899155613,-87.626210532,41.880994471,-87.632746489,240,6.75,12,7,30,0
41.922686284,-87.649488729,41.901206994,-87.676355989,540,9.25,12,11,0,0
41.89321636,-87.63784421,41.892042136,-87.63186395,240,4.5,12,18,0,0
41.892042136,-87.63186395,41.880994471,-87.632746489,420,6,12,18,30,0
41.794090253,-87.592310855,41.878865584,-87.625192142,1020,20.25,12,10,15,0
41.899602111,-87.633308037,41.944226601,-87.655998182,720,12.25,12,17,30,0
41.899602111,-87.633308037,41.874005383,-87.66351755,660,13.5,12,20,15,0
41.892042136,-87.63186395,41.892658108,-87.652534484,420,6.75,12,23,30,0
41.899602111,-87.633308037,41.922686284,-87.649488729,420,7,12,19,15,0
41.878865584,-87.625192142,41.761577908,-87.572781987,1380,23.75,12,17,45,0
41.975170943,-87.687515515,41.96581197,-87.655878786,561,9,12,22,0,0
41.898331794,-87.620762865,41.885300022,-87.642808466,900,9.75,12,12,15,0
41.880994471,-87.632746489,41.879255084,-87.642648998,120,4,12,8,45,0
41.785998518,-87.750934289,41.892042136,-87.63186395,3480,41,12,17,0,0
41.90749193,-87.63576009,41.900265687,-87.63210922,240,5,12,22,0,0
41.884987192,-87.620992913,41.890922026,-87.618868355,540,7.25,12,17,0,0
41.880994471,-87.632746489,41.880994471,-87.632746489,300,4.75,12,19,0,0
41.975170943,-87.687515515,41.9867118,-87.663416405,300,5.75,12,16,30,0
41.849246754,-87.624135298,41.785998518,-87.750934289,2280,28.25,12,15,15,0
41.885300022,-87.642808466,41.89321636,-87.63784421,300,5.75,12,12,15,0
41.884987192,-87.620992913,41.880994471,-87.632746489,240,5,12,9,0,0
41.874005383,-87.66351755,41.878865584,-87.625192142,840,9.75,12,13,0,0
41.90749193,-87.63576009,41.905857769,-87.630865027,180,4.5,12,22,30,0
41.892042136,-87.63186395,41.892042136,-87.63186395,8,3.25,12,15,30,0
41.901206994,-87.676355989,41.899602111,-87.633308037,720,9.75,12,23,0,0
41.880994471,-87.632746489,41.884987192,-87.620992913,300,5.25,12,17,0,0
41.944226601,-87.655998182,41.944226601,-87.655998182,300,6.25,12,15,0,0
41.907520075,-87.6266589,41.902788048,-87.62614559,360,5.75,12,20,0,0
41.90749193,-87.63576009,41.897983898,-87.641491533,360,6.25,12,9,15,0
41.879255084,-87.642648998,41.97907082,-87.903039661,2160,43.25,12,9,15,0
41.880994471,-87.632746489,41.892507781,-87.626214906,1020,12,12,14,30,0
41.92926299,-87.635890954,41.89503345,-87.619710672,600,11,12,8,0,0
41.891971508,-87.612945414,41.907520075,-87.6266589,540,8.75,12,12,0,0
41.97907082,-87.903039661,41.880994471,-87.632746489,1380,43.75,12,0,0,0
41.953582125,-87.72345239,41.878865584,-87.625192142,1680,24,12,11,45,0
41.878865584,-87.625192142,41.922686284,-87.649488729,1680,16,12,18,15,0
41.884987192,-87.620992913,41.880994471,-87.632746489,420,6.5,12,8,45,0
41.899602111,-87.633308037,41.899602111,-87.633308037,420,7.75,12,6,30,0
41.914616286,-87.631717366,41.880994471,-87.632746489,540,9,12,8,0,0
41.880994471,-87.632746489,41.879255084,-87.642648998,420,6.25,12,16,30,0
41.892507781,-87.626214906,41.90156691,-87.638404012,420,6.25,12,20,45,0
41.980264315,-87.913624596,41.980264315,-87.913624596,0,3.25,12,9,0,0
41.884987192,-87.620992913,41.891971508,-87.612945414,540,7.5,12,16,15,0
41.874005383,-87.66351755,41.922686284,-87.649488729,1200,13,12,16,15,0
41.899602111,-87.633308037,41.901206994,-87.676355989,1020,12.25,12,19,15,0
41.880994471,-87.632746489,41.88528132,-87.6572332,300,6,12,11,30,0
41.880994471,-87.632746489,41.892042136,-87.63186395,180,4.75,12,15,30,0
41.89503345,-87.619710672,41.859349715,-87.617358006,420,8.25,12,20,30,0
41.879255084,-87.642648998,41.943237122,-87.643470956,1260,19.75,12,18,30,0
41.880994471,-87.632746489,41.88528132,-87.6572332,720,9,12,10,15,0
41.899602111,-87.633308037,41.899602111,-87.633308037,180,4.5,12,4,15,0
41.890922026,-87.618868355,41.892507781,-87.626214906,230,5,12,18,30,0
41.890922026,-87.618868355,41.880994471,-87.632746489,420,7.5,12,8,15,0
41.9867118,-87.663416405,41.9867118,-87.663416405,420,5.75,12,17,45,0
41.96581197,-87.655878786,41.944226601,-87.655998182,840,10.5,12,11,45,0
41.89503345,-87.619710672,41.880994471,-87.632746489,480,7.5,12,12,30,0
41.878865584,-87.625192142,41.899602111,-87.633308037,600,8.5,12,17,0,0
41.892507781,-87.626214906,41.879255084,-87.642648998,608,8.25,12,15,15,0
41.884987192,-87.620992913,41.879255084,-87.642648998,480,6.5,12,18,0,0
41.849246754,-87.624135298,41.851017824,-87.635091856,219,5.25,12,12,15,0
41.880994471,-87.632746489,41.88528132,-87.6572332,600,8,12,17,15,0
41.892072635,-87.628874157,41.885300022,-87.642808466,300,6.25,12,0,15,0
41.922686284,-87.649488729,41.922686284,-87.649488729,300,5.5,12,20,0,0
41.879255084,-87.642648998,41.891971508,-87.612945414,720,9.25,12,13,45,0
41.944226601,-87.655998182,41.944226601,-87.655998182,60,3.25,12,14,45,0
41.892507781,-87.626214906,41.89321636,-87.63784421,240,6,12,10,0,0
41.879255084,-87.642648998,41.914616286,-87.631717366,780,10.75,12,23,45,0
41.892507781,-87.626214906,41.97907082,-87.903039661,3540,44.25,12,15,30,0
41.97907082,-87.903039661,41.892507781,-87.626214906,4940,49.75,12,15,15,0
41.879255084,-87.642648998,41.877406123,-87.621971652,446,6.75,12,18,0,0
41.892507781,-87.626214906,41.892507781,-87.626214906,420,6,12,0,30,0
41.892042136,-87.63186395,41.914616286,-87.631717366,360,6.75,12,21,0,0
41.899155613,-87.626210532,41.892507781,-87.626214906,258,4.75,12,20,45,0
41.944226601,-87.655998182,41.944226601,-87.655998182,0,3.25,12,15,15,0
41.884987192,-87.620992913,41.97907082,-87.903039661,2248,46.5,12,11,15,0
41.899602111,-87.633308037,41.922686284,-87.649488729,780,10.25,12,22,0,0
41.884987192,-87.620992913,41.859349715,-87.617358006,712,11,12,10,45,0
41.849246754,-87.624135298,41.97907082,-87.903039661,5880,56.75,12,15,30,0
41.97907082,-87.903039661,41.905857769,-87.630865027,5220,50,12,18,15,0
41.902788048,-87.62614559,41.899155613,-87.626210532,240,4.5,12,20,45,0
41.892507781,-87.626214906,41.899737388,-87.664953917,840,11.75,12,22,0,0
41.879255084,-87.642648998,41.849246754,-87.624135298,2460,36.25,12,11,0,0
41.892042136,-87.63186395,41.97907082,-87.903039661,4260,48.5,12,16,30,0
41.877406123,-87.621971652,41.880994471,-87.632746489,900,9.5,12,11,30,0
41.880994471,-87.632746489,41.880994471,-87.632746489,420,6.25,12,11,30,0
41.849246754,-87.624135298,41.892507781,-87.626214906,1020,12.25,12,15,0,0
41.880994471,-87.632746489,41.885300022,-87.642808466,360,5.75,12,16,45,0
41.880994471,-87.632746489,41.867902418,-87.642958665,480,7.5,12,13,45,0
41.898331794,-87.620762865,41.880994471,-87.632746489,540,8.75,12,7,45,0
41.892507781,-87.626214906,41.97907082,-87.903039661,3360,44.75,12,18,0,0
41.859349715,-87.617358006,41.89503345,-87.619710672,1375,13,12,9,15,0
41.892507781,-87.626214906,41.877406123,-87.621971652,300,5.25,12,20,15,0
41.849246754,-87.624135298,41.892507781,-87.626214906,1980,17.5,12,17,45,0
41.922686284,-87.649488729,41.878865584,-87.625192142,2100,18.25,12,9,0,0
41.892507781,-87.626214906,41.785998518,-87.750934289,1980,32.5,12,12,15,0
41.899155613,-87.626210532,41.89503345,-87.619710672,360,5.75,12,17,15,0
41.97907082,-87.903039661,41.880994471,-87.632746489,2987,44.75,12,8,30,0
41.922686284,-87.649488729,41.922686284,-87.649488729,480,7,12,22,0,0
41.880994471,-87.632746489,41.891971508,-87.612945414,3034,28.75,12,10,45,0
41.892042136,-87.63186395,41.879255084,-87.642648998,960,9.75,12,18,15,0
41.97907082,-87.903039661,41.97907082,-87.903039661,60,3.25,12,15,15,0
41.944226601,-87.655998182,41.944226601,-87.655998182,360,7.25,12,2,15,0
41.877406123,-87.621971652,41.892507781,-87.626214906,420,7,12,23,15,0
41.898331794,-87.620762865,41.892042136,-87.63186395,360,6,12,20,45,0
41.96581197,-87.655878786,41.899602111,-87.633308037,900,14.25,12,13,45,0
41.880994471,-87.632746489,41.877406123,-87.621971652,240,5,12,8,45,0
41.849246754,-87.624135298,41.890922026,-87.618868355,2700,21.25,12,17,45,0
41.874005383,-87.66351755,41.901206994,-87.676355989,1180,12.75,12,16,0,0
41.892507781,-87.626214906,41.785998518,-87.750934289,1858,33,12,12,45,0
41.97907082,-87.903039661,41.849246754,-87.624135298,2820,52,12,12,45,0
41.885300022,-87.642808466,41.891971508,-87.612945414,960,11,12,18,15,0
41.884987192,-87.620992913,41.849246754,-87.624135298,660,11.25,12,12,15,0
41.884987192,-87.620992913,41.88528132,-87.6572332,660,8.75,12,22,15,0
41.97907082,-87.903039661,41.870607372,-87.622172937,2100,44,12,12,30,0
41.892042136,-87.63186395,41.899155613,-87.626210532,420,6.75,12,1,30,0
41.90156691,-87.638404012,41.890922026,-87.618868355,780,9.25,12,21,30,0
41.97907082,-87.903039661,41.97907082,-87.903039661,0,3.25,12,15,30,0
41.892507781,-87.626214906,41.88528132,-87.6572332,488,7.5,12,10,45,0
41.880994471,-87.632746489,41.859349715,-87.617358006,900,11.5,12,8,0,0
41.944226601,-87.655998182,41.878865584,-87.625192142,1020,18.5,12,23,45,0
41.880994471,-87.632746489,41.879066994,-87.657005027,481,7,12,11,45,0
41.89503345,-87.619710672,41.879255084,-87.642648998,720,9.5,12,22,15,0
41.97907082,-87.903039661,41.97907082,-87.903039661,420,5.5,12,9,30,0
41.944226601,-87.655998182,41.878865584,-87.625192142,720,17.25,12,6,45,0
41.874005383,-87.66351755,41.874005383,-87.66351755,600,8.75,12,8,30,0
41.898331794,-87.620762865,41.884987192,-87.620992913,419,6.25,12,10,15,0
41.890922026,-87.618868355,41.880994471,-87.632746489,1016,10.75,12,17,0,0
41.944226601,-87.655998182,42.009622881,-87.670166857,840,15.5,12,1,30,0
41.9867118,-87.663416405,41.975170943,-87.687515515,981,11.5,12,18,15,0
41.890922026,-87.618868355,41.880994471,-87.632746489,867,9.25,12,14,45,0
41.879255084,-87.642648998,41.859349715,-87.617358006,1080,10.5,12,18,15,0
41.942691844,-87.651770507,41.884987192,-87.620992913,780,16.5,12,21,15,0
41.892507781,-87.626214906,41.859349715,-87.617358006,540,9.5,12,23,0,0
42.009622881,-87.670166857,41.922686284,-87.649488729,1123,20,12,7,15,0
41.884987192,-87.620992913,41.89321636,-87.63784421,420,6.25,12,16,0,0
41.878865584,-87.625192142,41.842076117,-87.633973422,840,15.25,12,19,30,0
41.97907082,-87.903039661,41.89503345,-87.619710672,5220,48.5,12,16,45,0
41.878865584,-87.625192142,41.92276062,-87.699155343,540,14.5,12,1,30,0
41.885300022,-87.642808466,41.879255084,-87.642648998,180,4.75,12,14,45,0
41.879255084,-87.642648998,41.884987192,-87.620992913,360,6.5,12,9,30,0
41.884987192,-87.620992913,41.97907082,-87.903039661,4794,49.75,12,15,45,0
41.880994471,-87.632746489,41.890922026,-87.618868355,240,5.75,12,22,15,0
41.884987192,-87.620992913,41.900265687,-87.63210922,420,7,12,19,45,0
41.892507781,-87.626214906,41.907520075,-87.6266589,600,7.25,12,10,30,0
41.880994471,-87.632746489,41.870607372,-87.622172937,360,6.25,12,12,30,0
41.892042136,-87.63186395,41.859349715,-87.617358006,1020,13,12,9,45,0
41.922686284,-87.649488729,41.901206994,-87.676355989,780,11.25,12,12,15,0
41.880994471,-87.632746489,41.880994471,-87.632746489,300,5.75,12,8,15,0
41.899602111,-87.633308037,41.901206994,-87.676355989,600,8.25,12,22,45,0
41.849246754,-87.624135298,41.898331794,-87.620762865,900,13.5,12,21,30,0
41.944226601,-87.655998182,42.009622881,-87.670166857,1560,20,12,15,15,0
41.892507781,-87.626214906,41.97907082,-87.903039661,1800,43.25,12,9,45,0
41.890922026,-87.618868355,41.849246754,-87.624135298,360,9.5,12,7,30,0
41.879255084,-87.642648998,41.900265687,-87.63210922,840,10,12,13,30,0
41.880994471,-87.632746489,41.97907082,-87.903039661,1237,43.5,12,4,30,0
41.904935302,-87.649907226,41.879255084,-87.642648998,720,8.25,12,15,45,0
41.884987192,-87.620992913,41.890922026,-87.618868355,300,5.75,12,19,45,0
41.880994471,-87.632746489,41.892042136,-87.63186395,360,6.75,12,14,45,0
41.880994471,-87.632746489,41.88528132,-87.6572332,480,6.75,12,14,0,0
41.880994471,-87.632746489,41.892042136,-87.63186395,240,5,12,19,15,0
41.849246754,-87.624135298,41.890922026,-87.618868355,1792,16.25,12,17,0,0
41.899602111,-87.633308037,41.899602111,-87.633308037,480,7,12,15,30,0
41.874005383,-87.66351755,41.794090253,-87.592310855,1140,24.25,12,7,15,0
41.97907082,-87.903039661,41.89321636,-87.63784421,5280,49,12,18,30,0
41.97907082,-87.903039661,41.89321636,-87.63784421,4860,51,12,15,0,0
41.980264315,-87.913624596,41.922686284,-87.649488729,2640,40.5,12,14,45,0
41.885300022,-87.642808466,41.892072635,-87.628874157,500,7,12,19,45,0
41.892042136,-87.63186395,41.900221297,-87.629105186,180,5.5,12,1,0,0
41.890922026,-87.618868355,41.885300022,-87.642808466,840,9.75,12,15,15,0
41.880994471,-87.632746489,41.870607372,-87.622172937,480,6.5,12,13,0,0
41.885300022,-87.642808466,41.880994471,-87.632746489,360,5.75,12,9,45,0
41.901206994,-87.676355989,41.899602111,-87.633308037,656,9.25,12,12,45,0
41.849246754,-87.624135298,41.97907082,-87.903039661,2763,51.75,12,12,15,0
41.870607372,-87.622172937,41.870607372,-87.622172937,240,4.75,12,23,0,0
41.884987192,-87.620992913,41.899155613,-87.626210532,240,6,12,10,45,0
41.936310131,-87.651562592,41.899506548,-87.679600287,900,13.75,12,23,45,0
41.870607372,-87.622172937,41.884987192,-87.620992913,480,6.75,12,9,45,0
41.892042136,-87.63186395,41.880994471,-87.632746489,420,6,12,14,15,0
41.878865584,-87.625192142,41.92276062,-87.699155343,900,15.5,12,20,45,0
41.899602111,-87.633308037,41.944226601,-87.655998182,1646,13,12,21,15,0
41.878865584,-87.625192142,41.96581197,-87.655878786,1380,19.25,12,17,45,0
41.880994471,-87.632746489,41.879255084,-87.642648998,300,5.25,12,10,15,0
41.892507781,-87.626214906,41.884987192,-87.620992913,216,5,12,23,30,0
41.899602111,-87.633308037,41.899602111,-87.633308037,397,7,12,20,0,0
41.942488155,-87.747154322,41.942488155,-87.747154322,26,3.25,12,13,45,0
41.884987192,-87.620992913,41.870607372,-87.622172937,300,6.25,12,1,30,0
41.859349715,-87.617358006,41.859349715,-87.617358006,240,6.25,12,19,30,0
41.785998518,-87.750934289,41.785998518,-87.750934289,0,3.25,12,14,0,0
41.88528132,-87.6572332,41.885300022,-87.642808466,180,4.5,12,20,45,0
41.877406123,-87.621971652,41.849246754,-87.624135298,720,9.5,12,16,45,0
41.878865584,-87.625192142,41.944226601,-87.655998182,1020,14.5,12,16,15,0
41.88528132,-87.6572332,41.880994471,-87.632746489,540,8.25,12,21,0,0
41.878865584,-87.625192142,41.922686284,-87.649488729,672,13.5,12,1,15,0
41.885300022,-87.642808466,41.884987192,-87.620992913,480,6.75,12,9,0,0
41.892507781,-87.626214906,41.942577185,-87.647078509,660,12.75,12,14,45,0
41.983636307,-87.723583185,41.983636307,-87.723583185,0,3.25,12,8,0,0
41.900265687,-87.63210922,41.885300022,-87.642808466,900,10.5,12,16,45,0
41.880994471,-87.632746489,41.87101588,-87.631406525,688,8.25,12,13,30,0
41.879255084,-87.642648998,41.880994471,-87.632746489,600,7.25,12,10,0,0
41.899602111,-87.633308037,41.922686284,-87.649488729,1020,17.25,12,14,15,0
41.891971508,-87.612945414,41.880994471,-87.632746489,360,7.25,12,8,15,0
41.97907082,-87.903039661,41.892658108,-87.652534484,4980,45.25,12,17,45,0
41.89503345,-87.619710672,41.859349715,-87.617358006,1020,12.5,12,15,45,0
41.899602111,-87.633308037,41.899602111,-87.633308037,1014,10.25,12,3,45,0
41.885300022,-87.642808466,41.877406123,-87.621971652,540,7,12,13,30,0
41.880994471,-87.632746489,41.97907082,-87.903039661,5040,50.5,12,15,30,0
41.859349715,-87.617358006,41.892507781,-87.626214906,1200,13.25,12,13,45,0
41.880994471,-87.632746489,41.879255084,-87.642648998,213,5,12,17,0,0
41.914616286,-87.631717366,41.899155613,-87.626210532,540,7.5,12,19,45,0
41.870607372,-87.622172937,41.849246754,-87.624135298,300,7.25,12,11,15,0
41.97907082,-87.903039661,41.890922026,-87.618868355,4020,67.25,12,19,15,0
41.938666196,-87.711210593,41.938666196,-87.711210593,0,3.25,12,14,30,0
41.880994471,-87.632746489,41.89321636,-87.63784421,360,6,12,19,30,0
41.899602111,-87.633308037,41.899602111,-87.633308037,240,5,12,17,15,0
41.89830587,-87.653613982,41.89830587,-87.653613982,0,3.25,12,23,15,0
41.89321636,-87.63784421,41.898331794,-87.620762865,600,7.75,12,22,15,0
41.880994471,-87.632746489,41.880994471,-87.632746489,180,4.5,12,17,45,0
41.879255084,-87.642648998,41.870607372,-87.622172937,360,6.5,12,8,30,0
41.839086906,-87.714003807,41.812948939,-87.617859676,3360,34.75,12,16,15,0
41.898331794,-87.620762865,41.884987192,-87.620992913,360,6.5,12,8,0,0
41.97907082,-87.903039661,41.899155613,-87.626210532,4543,51.5,12,15,0,0
41.922686284,-87.649488729,41.899602111,-87.633308037,840,11.5,12,1,0,0
41.884987192,-87.620992913,41.880994471,-87.632746489,240,5.5,12,16,0,0
41.898331794,-87.620762865,41.880994471,-87.632746489,1016,8.25,12,7,30,0
41.874005383,-87.66351755,41.901206994,-87.676355989,240,8.5,12,21,0,0
41.892042136,-87.63186395,41.97907082,-87.903039661,1080,42.25,12,4,15,0
41.880994471,-87.632746489,41.892507781,-87.626214906,739,8.75,12,15,15,0
41.892072635,-87.628874157,41.890922026,-87.618868355,303,5.25,12,23,45,0
41.880994471,-87.632746489,41.89321636,-87.63784421,280,5.25,12,11,30,0
41.899155613,-87.626210532,41.97907082,-87.903039661,2220,45,12,11,15,0
41.899155613,-87.626210532,41.884987192,-87.620992913,540,7,12,21,45,0
41.859349715,-87.617358006,41.898331794,-87.620762865,1920,15.5,12,17,45,0
41.899155613,-87.626210532,41.880994471,-87.632746489,720,9.25,12,10,45,0
41.892072635,-87.628874157,41.880994471,-87.632746489,660,7.75,12,17,30,0
41.885300022,-87.642808466,41.880994471,-87.632746489,386,6.5,12,11,0,0
41.980264315,-87.913624596,42.009622881,-87.670166857,1620,37,12,2,0,0
41.849246754,-87.624135298,41.890922026,-87.618868355,1004,12.5,12,11,30,0
41.885300022,-87.642808466,41.892042136,-87.63186395,300,5.75,12,11,45,0
41.914616286,-87.631717366,41.907520075,-87.6266589,180,5.25,12,21,15,0
41.878865584,-87.625192142,41.874005383,-87.66351755,667,10.75,12,14,45,0
41.90749193,-87.63576009,41.89321636,-87.63784421,300,6,12,23,30,0
41.900069603,-87.720918238,41.953582125,-87.72345239,1140,17.75,12,22,0,0
41.902788048,-87.62614559,41.938391258,-87.63857492,480,10.5,12,17,15,0
41.892507781,-87.626214906,41.892072635,-87.628874157,480,6.75,12,19,15,0
41.879255084,-87.642648998,41.892658108,-87.652534484,360,6,12,20,30,0
41.905857769,-87.630865027,41.905857769,-87.630865027,4,7,12,14,0,0
41.980264315,-87.913624596,41.944226601,-87.655998182,2880,38.25,12,15,45,0
41.89321636,-87.63784421,41.892042136,-87.63186395,120,4,12,11,15,0
41.892507781,-87.626214906,41.898331794,-87.620762865,240,4.5,12,21,30,0
41.878865584,-87.625192142,41.92276062,-87.699155343,606,13.5,12,23,45,0
41.880994471,-87.632746489,41.905857769,-87.630865027,933,10.5,12,18,15,0
41.879255084,-87.642648998,41.890922026,-87.618868355,480,8,12,9,0,0
41.880994471,-87.632746489,41.89321636,-87.63784421,240,5.25,12,18,45,0
41.980264315,-87.913624596,41.944226601,-87.655998182,4591,44.25,12,16,45,0
41.880994471,-87.632746489,41.890922026,-87.618868355,420,6.5,12,17,30,0
41.874005383,-87.66351755,41.794090253,-87.592310855,1440,27,12,23,15,0
41.891971508,-87.612945414,41.97907082,-87.903039661,3780,51.25,12,18,15,0
41.879255084,-87.642648998,41.885300022,-87.642808466,600,7,12,18,0,0
41.849246754,-87.624135298,41.884987192,-87.620992913,1671,15.25,12,17,15,0
41.892042136,-87.63186395,41.884987192,-87.620992913,540,7,12,21,15,0
41.877406123,-87.621971652,41.914616286,-87.631717366,540,11.75,12,22,15,0
41.878865584,-87.625192142,41.96581197,-87.655878786,1680,25.25,12,17,0,0
41.899155613,-87.626210532,41.898331794,-87.620762865,180,4.75,12,10,30,0
41.892072635,-87.628874157,41.884987192,-87.620992913,180,4.5,12,10,15,0
41.890922026,-87.618868355,41.877406123,-87.621971652,360,6,12,20,45,0
41.898331794,-87.620762865,41.884987192,-87.620992913,540,7,12,13,30,0
41.880994471,-87.632746489,41.898331794,-87.620762865,720,8,12,17,15,0
41.97907082,-87.903039661,41.88528132,-87.6572332,2520,42,12,14,30,0
41.97907082,-87.903039661,41.899155613,-87.626210532,4980,56.5,12,16,30,0
41.892507781,-87.626214906,41.885300022,-87.642808466,483,7,12,18,15,0
41.892072635,-87.628874157,41.879255084,-87.642648998,643,8,12,12,45,0
41.907520075,-87.6266589,41.898331794,-87.620762865,300,5.75,12,13,30,0
41.859349715,-87.617358006,41.898331794,-87.620762865,660,11,12,16,0,0
41.880994471,-87.632746489,41.880994471,-87.632746489,180,4.75,12,19,0,0
41.892042136,-87.63186395,41.884987192,-87.620992913,480,6,12,20,15,0
41.878865584,-87.625192142,41.947791586,-87.683834942,1440,20,12,21,15,0
41.899602111,-87.633308037,41.878865584,-87.625192142,420,8.5,12,5,30,0
41.870607372,-87.622172937,41.859349715,-87.617358006,420,8.25,12,19,0,0
41.892507781,-87.626214906,41.849246754,-87.624135298,888,12,12,20,45,0
41.890922026,-87.618868355,41.907520075,-87.6266589,386,7,12,18,0,0
41.891971508,-87.612945414,41.884987192,-87.620992913,480,7.5,12,13,0,0
41.88528132,-87.6572332,41.879255084,-87.642648998,173,5,12,19,45,0
41.878865584,-87.625192142,41.835117986,-87.618677767,540,9.75,12,23,15,0
41.849246754,-87.624135298,41.880994471,-87.632746489,1020,11.75,12,13,30,0
41.880994471,-87.632746489,41.892042136,-87.63186395,478,7.25,12,8,45,0
41.892042136,-87.63186395,41.890922026,-87.618868355,300,5.75,12,21,0,0
41.980264315,-87.913624596,41.922686284,-87.649488729,4020,37.5,12,19,0,0
41.89321636,-87.63784421,41.884987192,-87.620992913,360,5.75,12,12,0,0
41.870607372,-87.622172937,41.880994471,-87.632746489,720,7.75,12,15,0,0
41.980264315,-87.913624596,41.92276062,-87.699155343,3240,36.5,12,19,30,0
41.97907082,-87.903039661,41.880994471,-87.632746489,1980,42,12,12,0,0
41.89503345,-87.619710672,41.849246754,-87.624135298,780,12,12,23,30,0
41.884987192,-87.620992913,41.884987192,-87.620992913,0,3.25,12,17,30,0
41.885300022,-87.642808466,41.892042136,-87.63186395,420,6.25,12,9,0,0
41.859349715,-87.617358006,41.880994471,-87.632746489,720,9.25,12,18,30,0
41.880994471,-87.632746489,41.884987192,-87.620992913,660,7.75,12,11,30,0
41.892507781,-87.626214906,41.97907082,-87.903039661,2940,45.75,12,13,15,0
41.884987192,-87.620992913,41.890922026,-87.618868355,300,6.5,12,15,15,0
41.891971508,-87.612945414,41.884987192,-87.620992913,780,8.25,12,17,30,0
41.884987192,-87.620992913,41.867902418,-87.642958665,840,10,12,13,15,0
41.884987192,-87.620992913,41.906025969,-87.675311622,900,13,12,19,45,0
41.975170943,-87.687515515,42.001571027,-87.695012589,840,11,12,16,30,0
41.968069,-87.721559063,41.983636307,-87.723583185,180,5,12,1,15,0
41.870607372,-87.622172937,41.892042136,-87.63186395,960,10.5,12,13,30,0
41.885300022,-87.642808466,41.89503345,-87.619710672,600,8,12,13,0,0
41.892042136,-87.63186395,41.877406123,-87.621971652,255,5.75,12,1,15,0
41.88528132,-87.6572332,41.89503345,-87.619710672,1034,11.5,12,23,30,0
41.898331794,-87.620762865,41.884987192,-87.620992913,600,7.75,12,15,30,0
41.884987192,-87.620992913,41.97907082,-87.903039661,1680,42.75,12,9,0,0
41.892507781,-87.626214906,41.89503345,-87.619710672,240,5,12,23,0,0
41.877406123,-87.621971652,41.849246754,-87.624135298,540,8.75,12,15,0,0
41.898331794,-87.620762865,41.898331794,-87.620762865,0,3.25,12,16,30,0
41.879255084,-87.642648998,41.880994471,-87.632746489,128,4.5,12,12,30,0
41.890922026,-87.618868355,41.880994471,-87.632746489,480,6.75,12,13,45,0
41.892042136,-87.63186395,41.906650766,-87.66533766,600,10,12,18,0,0
41.859349715,-87.617358006,41.891971508,-87.612945414,960,12,12,16,45,0
41.92926299,-87.635890954,41.92926299,-87.635890954,60,3.5,12,8,0,0
